{"metrics": ["loss", "accuracy"], "loss": [3.4964795112609863, 2.39330792427063, 1.7160426378250122, 1.3717498779296875, 1.2150441408157349, 1.127901554107666, 1.0864100456237793, 1.0497231483459473, 1.0396918058395386, 1.0068819522857666, 1.0082262754440308, 1.0008972883224487, 0.9821475744247437, 0.9752078056335449, 0.9708434343338013, 0.9657764434814453, 0.9521540403366089, 0.9450411200523376, 0.9285154938697815, 0.9222424030303955], "val_loss": [3.115178108215332, 2.760756492614746, 2.4132606983184814, 2.1111438274383545, 1.8116650581359863, 1.6279810667037964, 1.400827169418335, 1.257097601890564, 1.1927179098129272, 1.1859419345855713, 1.1575186252593994, 1.0825526714324951, 1.0543057918548584, 1.0662071704864502, 1.0682164430618286, 1.067558765411377, 1.0689290761947632, 1.0246226787567139, 1.0465081930160522, 1.0380020141601562], "accuracy": [0.06753147393465042, 0.4129497706890106, 0.6949488520622253, 0.7795145511627197, 0.7909741997718811, 0.7960096597671509, 0.7994298934936523, 0.7988179922103882, 0.8000322580337524, 0.8006937503814697, 0.7983672022819519, 0.7965251803398132, 0.7977997660636902, 0.7986593246459961, 0.8007123470306396, 0.7998815178871155, 0.799769937992096, 0.801575243473053, 0.8011466860771179, 0.801449716091156], "val_accuracy": [0.028128163889050484, 0.42387333512306213, 0.6844143271446228, 0.732177734375, 0.7545154690742493, 0.7648586630821228, 0.7656441926956177, 0.7704840898513794, 0.7714346647262573, 0.7588636875152588, 0.7609151005744934, 0.777496337890625, 0.7798495888710022, 0.7806464433670044, 0.7734928727149963, 0.7682913541793823, 0.7628682255744934, 0.7704185247421265, 0.7666942477226257, 0.7651706337928772]}
