{"metrics": ["loss", "accuracy"], "loss": [3.403804302215576, 2.6335155963897705, 2.27602481842041, 2.11944842338562, 2.048844814300537, 2.0080244541168213, 1.9702329635620117, 1.9616584777832031, 1.9524554014205933, 1.9345957040786743, 1.9187791347503662, 1.896448016166687, 1.90249502658844, 1.8897584676742554, 1.871464729309082, 1.8654104471206665], "val_loss": [3.7991175651550293, 3.468377113342285, 3.0440568923950195, 2.699908971786499, 2.443331003189087, 2.2974660396575928, 2.206327438354492, 2.156208038330078, 2.0245323181152344, 2.014183521270752, 2.086564064025879, 2.0194296836853027, 1.963866114616394, 2.010413646697998, 2.0168349742889404, 2.0170717239379883], "accuracy": [0.4112814664840698, 0.738103985786438, 0.7902379035949707, 0.7973316311836243, 0.7978677153587341, 0.797219455242157, 0.80133056640625, 0.7995553612709045, 0.7974463701248169, 0.7980718016624451, 0.8012316226959229, 0.7988290786743164, 0.7972429394721985, 0.7985183000564575, 0.8012726306915283, 0.7980083227157593], "val_accuracy": [0.46906760334968567, 0.7296142578125, 0.7597091197967529, 0.7659222483634949, 0.7651559114456177, 0.7634074091911316, 0.7654204368591309, 0.7638131380081177, 0.7848713994026184, 0.7789577841758728, 0.7608405351638794, 0.7701607942581177, 0.7806294560432434, 0.7722846269607544, 0.7695233225822449, 0.7649943232536316]}
